{
  "Phase1_Unconstrained": {
    "metrics": {
      "XGBoost": {
        "Accuracy": 0.8761925530174999,
        "Precision": 0.3830727396329028,
        "Recall": 0.7119393556538218,
        "F1-Score": 0.498121546961326,
        "ROC-AUC": 0.9016863806524272
      },
      "LightGBM": {
        "Accuracy": 0.8704682985335005,
        "Precision": 0.37246703119974267,
        "Recall": 0.7315224257738471,
        "F1-Score": 0.4936061381074169,
        "ROC-AUC": 0.9041634565950575
      },
      "CatBoost": {
        "Accuracy": 0.844191244616475,
        "Precision": 0.33067729083665337,
        "Recall": 0.786481364497789,
        "F1-Score": 0.4655946148092745,
        "ROC-AUC": 0.9074093101373936
      },
      "Ensemble_Average": {
        "Accuracy": 0.8667611622962438,
        "Precision": 0.3670886075949367,
        "Recall": 0.7511054958938724,
        "F1-Score": 0.4931563666528411,
        "ROC-AUC": 0.9080051773241045
      },
      "Ensemble_Weighted": {
        "Accuracy": 0.8590743062748732,
        "Precision": 0.354020979020979,
        "Recall": 0.7675300063171194,
        "F1-Score": 0.48454636091724823,
        "ROC-AUC": 0.9086646680044687
      }
    },
    "weights": [
      0.15000000000000002,
      0.25,
      0.6
    ]
  },
  "Phase2_Constrained": {
    "metrics": {
      "XGBoost": {
        "Accuracy": 0.8746115684457286,
        "Precision": 0.38038038038038036,
        "Recall": 0.7201516108654453,
        "F1-Score": 0.4978165938864629,
        "ROC-AUC": 0.9022397693572972
      },
      "LightGBM": {
        "Accuracy": 0.8688327972523578,
        "Precision": 0.3691573926868045,
        "Recall": 0.7334175615919141,
        "F1-Score": 0.49111675126903553,
        "ROC-AUC": 0.9041979821401918
      },
      "CatBoost": {
        "Accuracy": 0.8396118410292754,
        "Precision": 0.3253662297609869,
        "Recall": 0.7997473152242578,
        "F1-Score": 0.46255023748629887,
        "ROC-AUC": 0.9079830900212129
      },
      "Ensemble_Average": {
        "Accuracy": 0.8649075941776154,
        "Precision": 0.36451710566151985,
        "Recall": 0.7605811749842072,
        "F1-Score": 0.49283667621776506,
        "ROC-AUC": 0.9079423453549573
      },
      "Ensemble_Weighted": {
        "Accuracy": 0.8541678024314452,
        "Precision": 0.34654300168634067,
        "Recall": 0.7789008212255212,
        "F1-Score": 0.47967321532775725,
        "ROC-AUC": 0.908803335559653
      }
    },
    "weights": [
      0.15000000000000002,
      0.2,
      0.6499999999999999
    ]
  }
}
